Workbook

Sheet 研判
A1: 案件单号 | B1: 案件名称 | C1: 案件描述 | D1: 研判结果
A2: 2026032038907959181971456 | B2: 张永文、王小红其他纠纷 | C2: 2026年3月27日10时许，张永文办理无线网络套餐后，发现需要多缴纳几十元话费，便到贞丰县永丰街道金桂苑附近的联通公司更改低消费套餐，工作人员王红英告知其无法更改，张永文与其沟通无果便报警。了解情况后，我所民警立即组织双方进行协商，经协商，王红英表示可帮张永文取消套餐，若需更改套餐，需要无线网套餐使用满三年才可更改，张永文对此不认可。因双方分歧较大，无法达成一致意见，我所民警告知张永文，关于此事可向相关部门反映投诉，但不得因此做出任何违法犯罪的行为，否则公安机关将依法追究其法律责任。 当事人张永文性格较为急躁，非重复警情人员，非特定对象，经民警查看其系统标签，其系一般级高危风险标签人员，近期无购买危险物品等行为标签，近期无异常行为及轨迹。 当事人王红英性格较为急躁，非重复警情人员，非特定对象，经民警查看其系统标签，其非高危风险标签人员，近期无购买危险物品等行为标签，近期无异常行为及轨迹。 经研判，该起纠纷存在较高风险，为及时消除风险隐患，防止矛盾纠纷激化引发民转刑、刑转命案件，请综治中心统筹相关职能部门、街道及村居：一是加强法制宣传教育，开展释理说法，打开双方心结；二是立即开展联动化解稳控，实质性化解双方纠纷；三是及时联动推送相关部门及属地协同处置。 | D2: 2026年2月28日，珉谷街道综治中心主任王代刚（18685981037）、平安法治办主任康文秀（15519919964）、珉谷街道综治中心工作员岳梦然（15186409370）、珉谷街道综治中心工作员宋佳懿（18185936211）在街道综治中心办公大厅开展分析研判，研判意见为：1、该起纠纷可定级为蓝色风险。 2、该事件属于利益型矛盾，核心是张永文对套餐费用的不满以及对营业厅处理方式的不认可。当前主要风险点在于情绪激化，请永丰街道协助，建议移动公司积极处置张永文反映情况； 3、请珉谷街道旗洋社区干部杨光婵（15186542686）组织干部对王小红做好法制宣传，引导当事人理性、依法处理纠纷，避免激化矛盾。 4、添加永丰街道、旗洋社区协办。

Sheet 历史
A1: 案件单号 | B1: 案件名称 | C1: 案件描述 | D1: 研判结果
A2: =研判!A2 -> 2026032038907959181971456 | B2: =研判!B2 -> 张永文、王小红其他纠纷 | C2: =研判!C2 -> 2026年3月27日10时许，张永文办理无线网络套餐后，发现需要多缴纳几十元话费，便到贞丰县永丰街道金桂苑附近的联通公司更改低消费套餐，工作人员王红英告知其无法更改，张永文与其沟通无果便报警。了解情况后，我所民警立即组织双方进行协商，经协商，王红英表示可帮张永文取消套餐，若需更改套餐，需要无线网套餐使用满三年才可更改，张永文对此不认可。因双方分歧较大，无法达成一致意见，我所民警告知张永文，关于此事可向相关部门反映投诉，但不得因此做出任何违法犯罪的行为，否则公安机关将依法追究其法律责任。 当事人张永文性格较为急躁，非重复警情人员，非特定对象，经民警查看其系统标签，其系一般级高危风险标签人员，近期无购买危险物品等行为标签，近期无异常行为及轨迹。 当事人王红英性格较为急躁，非重复警情人员，非特定对象，经民警查看其系统标签，其非高危风险标签人员，近期无购买危险物品等行为标签，近期无异常行为及轨迹。 经研判，该起纠纷存在较高风险，为及时消除风险隐患，防止矛盾纠纷激化引发民转刑、刑转命案件，请综治中心统筹相关职能部门、街道及村居：一是加强法制宣传教育，开展释理说法，打开双方心结；二是立即开展联动化解稳控，实质性化解双方纠纷；三是及时联动推送相关部门及属地协同处置。 | D2: =研判!D2 -> 2026年2月28日，珉谷街道综治中心主任王代刚（18685981037）、平安法治办主任康文秀（15519919964）、珉谷街道综治中心工作员岳梦然（15186409370）、珉谷街道综治中心工作员宋佳懿（18185936211）在街道综治中心办公大厅开展分析研判，研判意见为：1、该起纠纷可定级为蓝色风险。 2、该事件属于利益型矛盾，核心是张永文对套餐费用的不满以及对营业厅处理方式的不认可。当前主要风险点在于情绪激化，请永丰街道协助，建议移动公司积极处置张永文反映情况； 3、请珉谷街道旗洋社区干部杨光婵（15186542686）组织干部对王小红做好法制宣传，引导当事人理性、依法处理纠纷，避免激化矛盾。 4、添加永丰街道、旗洋社区协办。
A3: =研判!A3 -> 0 | B3: =研判!B3 -> 0 | C3: =研判!C3 -> 0 | D3: =研判!D3 -> 0
A4: =研判!A4 -> 0 | B4: =研判!B4 -> 0 | C4: =研判!C4 -> 0 | D4: =研判!D4 -> 0
A5: =研判!A5 -> 0 | B5: =研判!B5 -> 0 | C5: =研判!C5 -> 0 | D5: =研判!D5 -> 0
A6: =研判!A6 -> 0 | B6: =研判!B6 -> 0 | C6: =研判!C6 -> 0 | D6: =研判!D6 -> 0
A7: =研判!A7 -> 0 | B7: =研判!B7 -> 0 | C7: =研判!C7 -> 0 | D7: =研判!D7 -> 0
A8: =研判!A8 -> 0 | B8: =研判!B8 -> 0 | C8: =研判!C8 -> 0 | D8: =研判!D8 -> 0
A9: =研判!A9 -> 0 | B9: =研判!B9 -> 0 | C9: =研判!C9 -> 0 | D9: =研判!D9 -> 0
A10: =研判!A10 -> 0 | B10: =研判!B10 -> 0 | C10: =研判!C10 -> 0 | D10: =研判!D10 -> 0
A11: =研判!A11 -> 0 | B11: =研判!B11 -> 0 | C11: =研判!C11 -> 0 | D11: =研判!D11 -> 0
A12: =研判!A12 -> 0 | B12: =研判!B12 -> 0 | C12: =研判!C12 -> 0 | D12: =研判!D12 -> 0
A13: =研判!A13 -> 0 | B13: =研判!B13 -> 0 | C13: =研判!C13 -> 0 | D13: =研判!D13 -> 0
... A77: =研判!A77 -> 0 | B77: =研判!B77 -> 0 | C77: =研判!C77 -> 0 | D77: =研判!D77 -> 0
